State,HighQ,HighQN,MedQ,MedQN,LowQ,LowQN,date
Alabama,339.06,1042,198.64,933,149.49,123,1/1/2014
Alaska,288.75,252,260.6,297,388.58,26,1/1/2014
Arizona,303.31,1941,209.35,1625,189.45,222,1/1/2014
Arkansas,361.85,576,185.62,544,125.87,112,1/1/2014
California,248.78,12096,193.56,12812,192.92,778,1/1/2014
Colorado,236.31,2161,195.29,1728,213.5,128,1/1/2014
Connecticut,347.9,1294,273.97,1316,257.36,91,1/1/2014
Delaware,373.18,347,226.25,273,199.88,34,1/1/2014
District of Columbia,352.26,433,295.67,349,213.72,39,1/1/2014
Florida,306.43,6506,220.03,5237,158.26,514,1/1/2014
Georgia,332.21,3099,213.52,2269,153.45,229,1/1/2014
Hawaii,310.96,328,270.38,350,160.46,25,1/1/2014
Idaho,276.05,315,254.96,445,132.61,20,1/1/2014
Illinois,359.74,4008,287.23,3644,181.25,329,1/1/2014
Indiana,336.8,1665,206.24,1446,154.05,248,1/1/2014
Iowa,371.7,697,292.34,649,252.24,103,1/1/2014
Kansas,353.51,838,260.97,628,124.27,109,1/1/2014
Kentucky,337.33,1013,183.17,986,120.31,132,1/1/2014
Louisiana,377.71,1071,243.26,864,153.73,224,1/1/2014
Maine,321.1,450,259.18,425,214.8,52,1/1/2014
Montana,279.73,585,257.98,258,734.65,22,1/1/2014
Nebraska,352.64,508,247.03,510,142.99,62,1/1/2014
Nevada,269.61,899,218.67,928,231.08,61,1/1/2014
New Hampshire,366.47,422,289.81,441,561.05,38,1/1/2014
New Jersey,354.91,2244,294.39,2799,225.62,185,1/1/2014
New Mexico,293.86,565,216.55,434,63.7,42,1/1/2014
New York,351.98,5800,268.88,5824,190.38,482,1/1/2014
North Carolina,355.88,2775,247.26,1911,152.09,226,1/1/2014
North Dakota,412.84,137,361.95,200,269.55,13,1/1/2014
Ohio,336.63,3050,212.44,2817,168.87,399,1/1/2014
Oklahoma,364.57,754,228.12,664,121.6,131,1/1/2014
Oregon,213.49,1612,188.55,1336,175.87,61,1/1/2014
Maryland,380.03,1963,248.71,1546,196.59,152,1/1/2014
Massachusetts,354.84,2878,297.28,2467,217.89,219,1/1/2014
Michigan,299.36,3048,277.63,2529,227.48,230,1/1/2014
Minnesota,371.18,1712,280.57,1532,183.29,101,1/1/2014
Mississippi,340.28,410,150.02,350,137.29,95,1/1/2014
Missouri,371.57,1559,241.63,1287,153.48,204,1/1/2014
Pennsylvania,372.68,3829,266.44,3205,194.12,364,1/1/2014
Rhode Island,335.29,529,262.07,360,207.93,33,1/1/2014
South Carolina,349.42,1153,201.99,902,176.93,119,1/1/2014
South Dakota,387.8,161,362.7,167,125.68,20,1/1/2014
Tennessee,359.75,1546,223.62,1220,200.59,147,1/1/2014
Texas,343.33,5985,235.87,5631,141.96,850,1/1/2014
Utah,291.54,684,233.11,664,169.84,42,1/1/2014
Vermont,379.88,277,323.31,224,187.06,24,1/1/2014
Virginia,374.01,2472,288.44,1959,223.02,202,1/1/2014
Washington,236.03,2351,192.06,2345,148.33,108,1/1/2014
West Virginia,360.8,350,197.75,367,158.25,40,1/1/2014
Wisconsin,357.99,1623,267.95,1368,229.91,125,1/1/2014
Wyoming,355.9,93,378.95,134,161.3,11,1/1/2014
Alabama,337.54,1539,208.24,1463,NA,182,1/1/2015
Alaska,303.02,350,270.45,475,NA,37,1/1/2015
Arizona,298.51,2638,209.43,2426,NA,306,1/1/2015
Arkansas,341.68,846,207.2,836,NA,145,1/1/2015
California,243.96,16512,189.35,19151,NA,1096,1/1/2015
Colorado,243.72,3148,195.11,2877,NA,178,1/1/2015
Connecticut,337.26,1835,267.99,2069,NA,126,1/1/2015
Delaware,364.19,490,234.72,431,NA,41,1/1/2015
District of Columbia,348.66,657,281.93,578,NA,49,1/1/2015
Florida,300.88,9369,217.05,8166,NA,695,1/1/2015
Georgia,324.3,4422,217.17,3467,NA,303,1/1/2015
Hawaii,307.64,452,263.45,522,NA,30,1/1/2015
Idaho,275.37,450,245.14,672,NA,35,1/1/2015
Illinois,353.97,5623,282.59,5525,NA,451,1/1/2015
Indiana,332.48,2385,214.43,2247,NA,326,1/1/2015
Iowa,364.92,975,289.05,1045,NA,122,1/1/2015
Kansas,350.24,1160,260.7,999,NA,138,1/1/2015
Kentucky,338.76,1491,173.9,1506,NA,180,1/1/2015
Louisiana,361.51,1521,240.78,1350,NA,317,1/1/2015
Maine,312.3,620,234.89,657,NA,61,1/1/2015
Montana,265.51,738,241.42,364,NA,32,1/1/2015
Nebraska,335.65,695,246.33,723,NA,76,1/1/2015
Nevada,266.14,1237,226.59,1431,NA,78,1/1/2015
New Hampshire,353.87,599,289.07,658,NA,51,1/1/2015
New Jersey,345.31,3058,286.53,4197,NA,256,1/1/2015
New Mexico,289.04,800,219.28,665,NA,68,1/1/2015
New York,343.8,7840,263.56,8716,NA,616,1/1/2015
North Carolina,345.24,4111,245.87,3030,NA,314,1/1/2015
North Dakota,393.94,213,339.6,327,NA,23,1/1/2015
Ohio,332.59,4242,218.93,4269,NA,550,1/1/2015
Oklahoma,354.61,1115,238.15,1073,NA,195,1/1/2015
Oregon,205.8,2179,180.9,2018,NA,95,1/1/2015
Maryland,366.01,2863,255.84,2463,NA,193,1/1/2015
Massachusetts,345.62,4002,285.84,3783,NA,289,1/1/2015
Michigan,288.06,3990,270.77,3728,NA,295,1/1/2015
Minnesota,351.55,2365,272.96,2467,NA,128,1/1/2015
Mississippi,335.1,612,150.49,550,NA,143,1/1/2015
Missouri,351.6,2217,244.97,2114,NA,299,1/1/2015
Pennsylvania,362.89,5523,269.42,4978,NA,503,1/1/2015
Rhode Island,317.15,721,258.95,560,NA,47,1/1/2015
South Carolina,337,1684,205.71,1414,NA,164,1/1/2015
South Dakota,357.05,222,348.81,256,NA,25,1/1/2015
Tennessee,348.89,2243,225.38,1912,NA,219,1/1/2015
Texas,334.2,8241,233.6,8583,NA,1147,1/1/2015
Utah,290.42,959,238.08,1055,NA,62,1/1/2015
Vermont,371.23,357,308.86,367,NA,32,1/1/2015
Virginia,364.95,3514,293.02,3085,NA,285,1/1/2015
Washington,233.01,3341,189.92,3564,NA,160,1/1/2015
West Virginia,359.63,552,224.17,546,NA,60,1/1/2015
Wisconsin,350.49,2246,272.73,2222,NA,167,1/1/2015
Wyoming,320.39,133,351.86,197,NA,12,1/1/2015
Alabama,338.8,1095,200.02,984,152.02,129,2/1/2014
Alaska,288.81,265,254.5,313,388.58,26,2/1/2014
Arizona,303.17,2020,210.19,1705,195.32,229,2/1/2014
Arkansas,359.41,602,183.16,574,128.15,119,2/1/2014
California,248.2,12571,192.8,13406,191.94,804,2/1/2014
Colorado,237.48,2309,198.12,1898,223.47,138,2/1/2014
Connecticut,346.91,1346,273.87,1385,252.88,94,2/1/2014
Delaware,373.91,363,227.38,285,199.88,34,2/1/2014
District of Columbia,349.35,462,292.22,371,211.38,40,2/1/2014
Florida,305.93,6829,219.78,5522,156.94,532,2/1/2014
Georgia,332.05,3237,214.18,2376,154.46,234,2/1/2014
Hawaii,307.76,338,272.99,370,162.11,26,2/1/2014
Idaho,275.3,327,257.48,465,133.75,22,2/1/2014
Illinois,356.89,4192,287.69,3815,176.36,353,2/1/2014
Indiana,335.59,1748,208.28,1527,161.44,255,2/1/2014
Iowa,369.77,725,292.45,684,251.78,105,2/1/2014
Kansas,354.96,862,261.31,669,113.7,111,2/1/2014
Kentucky,338.84,1059,181.5,1031,125.11,138,2/1/2014
Louisiana,374.2,1137,242.75,910,149.56,239,2/1/2014
Maine,319.11,471,259.84,453,214.8,52,2/1/2014
Montana,271.16,601,251.43,272,734.65,22,2/1/2014
Nebraska,349.72,535,248.44,531,142.51,63,2/1/2014
Nevada,270.12,937,219.36,972,252.49,63,2/1/2014
New Hampshire,376.92,449,285.57,472,550.95,40,2/1/2014
New Jersey,354.73,2322,292.57,2934,230.04,199,2/1/2014
New Mexico,293.37,588,205.27,452,63.7,42,2/1/2014
New York,352.35,6051,268.5,6115,190.16,497,2/1/2014
North Carolina,355.37,2921,247.42,2003,151.42,236,2/1/2014
North Dakota,409.28,143,335.38,216,331.9,15,2/1/2014
Ohio,336.65,3182,213.69,2964,167.26,414,2/1/2014
Oklahoma,364.39,791,228.53,715,120.16,136,2/1/2014
Oregon,212.44,1677,188.96,1384,174.52,65,2/1/2014
Maryland,379.62,2063,250.16,1641,194.99,154,2/1/2014
Massachusetts,352.84,2996,296.87,2581,220.8,226,2/1/2014
Michigan,298.18,3162,276.59,2645,228.04,233,2/1/2014
Minnesota,370.4,1787,278.01,1629,181.28,103,2/1/2014
Mississippi,338.86,430,149.19,369,143.99,105,2/1/2014
Missouri,367.31,1635,242.19,1356,149.58,214,2/1/2014
Pennsylvania,371.47,4025,266.6,3397,193.02,384,2/1/2014
Rhode Island,333.52,548,261.15,377,201.75,34,2/1/2014
South Carolina,346.43,1209,202.01,949,171.2,125,2/1/2014
South Dakota,389.9,170,369,174,125.68,20,2/1/2014
Tennessee,358.19,1627,225.32,1302,196.86,157,2/1/2014
Texas,342.07,6250,235.99,5980,142.88,888,2/1/2014
Utah,293.06,712,233.2,718,168.59,44,2/1/2014
Vermont,377.22,289,321.36,242,187.64,25,2/1/2014
Virginia,373.81,2585,287.78,2078,225.76,218,2/1/2014
Washington,235.43,2433,191.21,2465,153.14,114,2/1/2014
West Virginia,364.28,379,197.45,390,158.3,41,2/1/2014
Wisconsin,357.72,1698,270.51,1451,233.39,133,2/1/2014
Wyoming,354.03,94,378.64,137,161.3,11,2/1/2014
Alabama,335.85,1583,209.19,1524,NA,193,2/1/2015
Alaska,302.89,358,271.01,492,NA,37,2/1/2015
Arizona,297.02,2731,208.31,2526,NA,313,2/1/2015
Arkansas,341.84,875,208.99,870,NA,146,2/1/2015
California,243.3,16904,188.95,19764,NA,1123,2/1/2015
Colorado,242.8,3235,195.92,2984,NA,188,2/1/2015
Connecticut,336.04,1871,267.14,2140,NA,131,2/1/2015
Delaware,363.88,504,234.61,448,NA,44,2/1/2015
District of Columbia,347.83,675,282.82,610,NA,49,2/1/2015
Florida,300.26,9662,216.3,8526,NA,711,2/1/2015
Georgia,322.74,4589,216.77,3617,NA,313,2/1/2015
Hawaii,306.34,464,261.94,542,NA,30,2/1/2015
Idaho,275.45,467,243.24,694,NA,36,2/1/2015
Illinois,352.48,5783,282.38,5723,NA,459,2/1/2015
Indiana,331.38,2454,216.18,2335,NA,335,2/1/2015
Iowa,365.1,995,289.48,1088,NA,123,2/1/2015
Kansas,348.95,1191,259.9,1043,NA,142,2/1/2015
Kentucky,338.45,1543,173.71,1565,NA,182,2/1/2015
Louisiana,361.21,1579,241.3,1416,NA,329,2/1/2015
Maine,304.94,632,234.82,683,NA,64,2/1/2015
Montana,265.34,748,247.53,382,NA,32,2/1/2015
Nebraska,335.4,710,243.73,758,NA,76,2/1/2015
Nevada,265.48,1275,226.41,1480,NA,79,2/1/2015
New Hampshire,353.09,612,288.14,673,NA,52,2/1/2015
New Jersey,345.09,3154,285.72,4368,NA,263,2/1/2015
New Mexico,287.82,823,219.03,686,NA,71,2/1/2015
New York,343.09,8058,262.93,9015,NA,628,2/1/2015
North Carolina,344.52,4250,245.55,3151,NA,325,2/1/2015
North Dakota,387.11,216,320.08,345,NA,25,2/1/2015
Ohio,332.48,4386,219.86,4449,NA,562,2/1/2015
Oklahoma,352.64,1161,238.4,1104,NA,200,2/1/2015
Oregon,205.32,2232,180.47,2091,NA,99,2/1/2015
Maryland,362.62,2967,267.45,2563,NA,198,2/1/2015
Massachusetts,343.92,4101,284.48,3924,NA,294,2/1/2015
Michigan,287.5,4080,268.2,3871,NA,306,2/1/2015
Minnesota,347.92,2449,273.52,2574,NA,134,2/1/2015
Mississippi,335.78,639,151.02,577,NA,150,2/1/2015
Missouri,349.57,2284,245.95,2199,NA,304,2/1/2015
Pennsylvania,362.11,5686,269.69,5163,NA,519,2/1/2015
Rhode Island,316.78,731,255.78,592,NA,47,2/1/2015
South Carolina,337.05,1749,205.28,1453,NA,165,2/1/2015
South Dakota,357.66,224,347.72,262,NA,26,2/1/2015
Tennessee,347.43,2313,226.26,2000,NA,231,2/1/2015
Texas,333.39,8483,232.31,8910,NA,1176,2/1/2015
Utah,289.15,983,236.98,1106,NA,66,2/1/2015
Vermont,369.87,367,306.19,384,NA,32,2/1/2015
Virginia,364.61,3620,291.12,3212,NA,294,2/1/2015
Washington,232.87,3429,188.73,3683,NA,162,2/1/2015
West Virginia,358.12,567,226.35,564,NA,60,2/1/2015
Wisconsin,348.79,2306,271.23,2320,NA,170,2/1/2015
Wyoming,322.28,134,350.57,202,NA,12,2/1/2015
Alabama,340.14,1140,202.42,1034,146.33,133,3/1/2014
Alaska,286.78,281,252.51,323,388.58,26,3/1/2014
Arizona,303.05,2093,209.48,1774,195.16,239,3/1/2014
Arkansas,357.73,630,182.91,593,126.75,125,3/1/2014
California,247.6,12988,192.97,13906,191.4,839,3/1/2014
Colorado,237.65,2398,197.59,1984,226.22,145,3/1/2014
Connecticut,347.01,1389,274.19,1457,252.31,95,3/1/2014
Delaware,371.68,376,227.71,295,206.61,36,3/1/2014
District of Columbia,350.61,479,294.21,387,208.53,41,3/1/2014
Florida,305.18,7138,219.71,5810,153.21,549,3/1/2014
Georgia,330.86,3368,213.93,2469,151.92,240,3/1/2014
Hawaii,307.96,353,274.35,382,167.62,27,3/1/2014
Idaho,275.6,335,256.69,490,129.39,24,3/1/2014
Illinois,358.11,4357,287.38,3958,177.98,362,3/1/2014
Indiana,334.51,1827,208.01,1593,168.44,262,3/1/2014
Iowa,370.98,751,291.46,715,247.69,107,3/1/2014
Kansas,352.32,898,261,706,114.26,114,3/1/2014
Kentucky,337.49,1104,181.16,1068,124.52,142,3/1/2014
Louisiana,373.09,1170,242.63,955,149.38,248,3/1/2014
Maine,319.72,481,258.32,468,213.48,53,3/1/2014
Montana,269.87,614,257.03,285,704.89,23,3/1/2014
Nebraska,347.81,554,249.25,553,141.76,65,3/1/2014
Nevada,268.51,961,217.94,1021,252.49,63,3/1/2014
New Hampshire,370.09,463,289.97,481,677.38,41,3/1/2014
New Jersey,353.34,2393,292.02,3049,231.68,207,3/1/2014
New Mexico,291.15,612,216.16,472,69.76,43,3/1/2014
New York,351.18,6209,267.69,6356,189.64,507,3/1/2014
North Carolina,354.52,3039,247.73,2099,151.27,246,3/1/2014
North Dakota,401.47,156,353.27,229,363.11,16,3/1/2014
Ohio,336.13,3306,213.46,3106,165.98,426,3/1/2014
Oklahoma,365.32,821,227.46,743,116.69,145,3/1/2014
Oregon,212.01,1731,188.5,1450,169.34,68,3/1/2014
Maryland,379.56,2147,250.78,1711,191.01,163,3/1/2014
Massachusetts,352.17,3094,295.62,2690,218.96,233,3/1/2014
Michigan,297.46,3241,273.82,2756,226.38,240,3/1/2014
Minnesota,368.88,1845,277.97,1701,181.28,103,3/1/2014
Mississippi,339.99,451,146.75,394,140.36,112,3/1/2014
Missouri,367.25,1707,243.01,1416,149.4,217,3/1/2014
Pennsylvania,370.52,4210,266.67,3571,190.52,394,3/1/2014
Rhode Island,332.54,570,259.33,387,201.75,34,3/1/2014
South Carolina,345.87,1267,202.41,998,186.66,131,3/1/2014
South Dakota,387.89,177,354.47,183,124.17,21,3/1/2014
Tennessee,356.51,1689,226.78,1358,192.43,168,3/1/2014
Texas,341.57,6499,235.59,6267,144.45,933,3/1/2014
Utah,292.86,736,234.54,759,189.78,47,3/1/2014
Vermont,376.96,293,320.6,256,187.64,25,3/1/2014
Virginia,372.81,2662,288.32,2165,226.39,225,3/1/2014
Washington,234.91,2519,191.28,2558,146.32,117,3/1/2014
West Virginia,362.32,403,217.32,403,160.38,43,3/1/2014
Wisconsin,357.14,1755,269.92,1510,238.37,138,3/1/2014
Wyoming,352.41,97,378.46,144,161.3,11,3/1/2014
Alabama,340.7,1206,204.48,1083,145.88,141,4/1/2014
Alaska,287.59,286,256.78,343,388.58,26,4/1/2014
Arizona,302.52,2148,208.67,1857,193.93,251,4/1/2014
Arkansas,352.22,659,183.17,619,129.26,127,4/1/2014
California,246.76,13396,192.91,14527,191.98,863,4/1/2014
Colorado,237.53,2511,196.47,2087,226.28,150,4/1/2014
Connecticut,346.15,1438,275.46,1511,252.31,95,4/1/2014
Delaware,372.35,388,226.24,315,206.61,36,4/1/2014
District of Columbia,346.59,492,291.02,407,214.35,44,4/1/2014
Florida,304.78,7451,218.73,6071,152.72,577,4/1/2014
Georgia,329.32,3503,214.85,2595,152.82,249,4/1/2014
Hawaii,314.67,365,276.75,402,167.62,27,4/1/2014
Idaho,275.26,348,256.26,509,140.27,26,4/1/2014
Illinois,357.42,4508,286.74,4118,189.87,376,4/1/2014
Indiana,334.81,1883,209.8,1675,158.28,269,4/1/2014
Iowa,370.67,767,292.42,747,247.69,107,4/1/2014
Kansas,351.52,937,262.21,737,121.53,117,4/1/2014
Kentucky,340.74,1155,183.18,1128,125.28,146,4/1/2014
Louisiana,370.01,1208,244.68,999,147.94,257,4/1/2014
Maine,319.58,502,259.17,487,216.72,56,4/1/2014
Montana,268.75,629,249.82,298,660.67,25,4/1/2014
Nebraska,345.01,574,250.38,564,140.02,68,4/1/2014
Nevada,267.82,996,227.81,1064,252.49,63,4/1/2014
New Hampshire,361.02,478,290.22,502,677.38,41,4/1/2014
New Jersey,352.68,2469,291.79,3179,232.13,215,4/1/2014
New Mexico,291.31,629,213.78,492,75.24,46,4/1/2014
New York,350.09,6385,266.54,6602,205.8,522,4/1/2014
North Carolina,353.87,3178,245.65,2212,151.32,248,4/1/2014
North Dakota,401.73,163,364.35,236,347.51,17,4/1/2014
Ohio,335.9,3413,215.26,3249,165.02,439,4/1/2014
Oklahoma,364.77,851,229.7,783,121.24,151,4/1/2014
Oregon,210.81,1783,186.31,1507,165.54,72,4/1/2014
Maryland,376.53,2229,249.5,1788,190.34,165,4/1/2014
Massachusetts,350.19,3198,294.3,2797,217.88,239,4/1/2014
Michigan,295.32,3337,272.58,2844,229.02,244,4/1/2014
Minnesota,367.91,1919,276.99,1792,186.51,106,4/1/2014
Mississippi,343.54,471,147.09,406,141.39,118,4/1/2014
Missouri,368.12,1777,244.86,1503,150.52,224,4/1/2014
Pennsylvania,369.1,4376,267.53,3701,193.44,411,4/1/2014
Rhode Island,331.58,581,258.86,406,201.75,34,4/1/2014
South Carolina,345.06,1312,202.44,1044,187.5,137,4/1/2014
South Dakota,388.48,178,353.75,192,124.17,21,4/1/2014
Tennessee,356.58,1757,226.72,1423,190.39,172,4/1/2014
Texas,340.29,6726,234.45,6545,142.83,954,4/1/2014
Utah,291.26,763,242.66,790,187.19,48,4/1/2014
Vermont,376.97,301,319.68,263,190.36,26,4/1/2014
Virginia,371.61,2751,287.73,2252,226.79,229,4/1/2014
Washington,234.15,2617,190.94,2653,143.67,121,4/1/2014
West Virginia,359.56,427,215.08,419,160.12,45,4/1/2014
Wisconsin,356.18,1804,270.82,1592,242.49,140,4/1/2014
Wyoming,354.72,103,370.55,148,161.3,11,4/1/2014
Alabama,340.63,1255,205.03,1121,143.76,144,5/1/2014
Alaska,287.94,294,257.4,353,375.82,27,5/1/2014
Arizona,301.26,2216,208.4,1937,191.43,260,5/1/2014
Arkansas,352.07,684,185.34,638,129.02,128,5/1/2014
California,246.04,13787,191.89,15047,191.4,891,5/1/2014
Colorado,236.67,2594,196.35,2179,233.09,155,5/1/2014
Connecticut,344.77,1470,272.63,1561,249.46,99,5/1/2014
Delaware,369.2,404,228.59,323,209.72,38,5/1/2014
District of Columbia,347.06,507,292,425,211.88,46,5/1/2014
Florida,304.38,7727,218.02,6334,153.21,593,5/1/2014
Georgia,329.02,3622,214.86,2686,153.75,255,5/1/2014
Hawaii,314.53,377,275.69,415,165.55,28,5/1/2014
Idaho,276.49,357,252.99,524,139.21,27,5/1/2014
Illinois,356.65,4640,285.96,4257,189.38,383,5/1/2014
Indiana,334.97,1945,210.35,1735,156.73,277,5/1/2014
Iowa,368.87,795,290.19,779,247.1,110,5/1/2014
Kansas,350.31,962,261.91,770,118.41,121,5/1/2014
Kentucky,339.09,1194,182.37,1169,124.69,155,5/1/2014
Louisiana,370.67,1244,244.38,1044,146.06,265,5/1/2014
Maine,317.35,517,257.95,510,274.25,58,5/1/2014
Montana,268.22,639,251.87,309,645.6,26,5/1/2014
Nebraska,344.1,591,250.96,581,138.35,69,5/1/2014
Nevada,268.26,1029,227.36,1105,243.46,66,5/1/2014
New Hampshire,359.59,488,291.36,522,677.38,41,5/1/2014
New Jersey,351.64,2538,290.8,3285,231.39,218,5/1/2014
New Mexico,290.88,641,200.99,516,87.84,50,5/1/2014
New York,349,6544,266.6,6819,205.21,529,5/1/2014
North Carolina,352.38,3284,244.04,2301,151.01,255,5/1/2014
North Dakota,391.23,169,350.39,245,334.13,18,5/1/2014
Ohio,336.15,3516,216.39,3385,164.2,452,5/1/2014
Oklahoma,366.06,870,234.98,821,120.06,156,5/1/2014
Oregon,210.12,1816,185.73,1551,165.81,76,5/1/2014
Maryland,374.62,2296,250.55,1856,188.84,169,5/1/2014
Massachusetts,350.76,3294,293.99,2896,219.16,244,5/1/2014
Michigan,295.2,3400,277.58,2949,275.43,252,5/1/2014
Minnesota,367.61,1980,276.61,1875,183.45,108,5/1/2014
Mississippi,341.5,487,145.4,423,140.57,120,5/1/2014
Missouri,368.41,1823,243.51,1581,142.19,240,5/1/2014
Pennsylvania,368.33,4489,267.5,3853,196.36,424,5/1/2014
Rhode Island,329.98,592,258.55,417,208.36,35,5/1/2014
South Carolina,343.28,1355,201.48,1077,186.91,139,5/1/2014
South Dakota,387.6,179,355.63,200,123.94,22,5/1/2014
Tennessee,355.46,1820,224.95,1472,187.46,176,5/1/2014
Texas,339.48,6901,234.16,6791,143.05,984,5/1/2014
Utah,290.18,789,240.17,822,204.76,51,5/1/2014
Vermont,376.44,314,320.96,273,190.36,26,5/1/2014
Virginia,370.43,2838,288.22,2355,222.83,240,5/1/2014
Washington,233.36,2675,190.41,2743,141.86,123,5/1/2014
West Virginia,354.78,443,214.48,432,156.1,48,5/1/2014
Wisconsin,355.12,1852,271.96,1652,239.46,143,5/1/2014
Wyoming,349.95,107,359.98,155,161.3,11,5/1/2014
Alabama,340.52,1301,204.38,1174,144.04,148,6/1/2014
Alaska,286.09,307,253.31,372,359.87,30,6/1/2014
Arizona,302.29,2271,208.82,1994,187.18,270,6/1/2014
Arkansas,350.21,701,184.89,662,127.16,130,6/1/2014
California,245.71,14178,192.27,15588,190.06,930,6/1/2014
Colorado,236.9,2662,196.47,2253,231.56,158,6/1/2014
Connecticut,343.81,1508,273.11,1613,251.03,100,6/1/2014
Delaware,368.97,410,225.17,335,204.86,39,6/1/2014
District of Columbia,346.85,527,291.02,443,209.83,47,6/1/2014
Florida,303.16,7979,217.93,6590,152.18,603,6/1/2014
Georgia,327.17,3730,214.91,2802,144.77,266,6/1/2014
Hawaii,313.34,383,276.22,433,165.55,28,6/1/2014
Idaho,275.7,367,251.25,540,136.89,28,6/1/2014
Illinois,356.17,4748,285.11,4406,190.37,394,6/1/2014
Indiana,333.55,2000,210.49,1818,156.38,281,6/1/2014
Iowa,367.37,817,288.66,806,247.1,110,6/1/2014
Kansas,349.8,987,260.05,791,120.31,125,6/1/2014
Kentucky,339.4,1230,182.96,1215,124.92,158,6/1/2014
Louisiana,367.56,1285,244.38,1087,144.4,274,6/1/2014
Maine,317.83,528,257.14,526,274.25,58,6/1/2014
Montana,268,652,251.91,315,632.31,27,6/1/2014
Nebraska,343.86,603,250.55,601,134.87,72,6/1/2014
Nevada,268.16,1052,229.8,1154,238.93,69,6/1/2014
New Hampshire,359.42,501,291.77,535,657.98,43,6/1/2014
New Jersey,350.9,2596,289.74,3374,224.74,222,6/1/2014
New Mexico,290.23,656,201.6,533,85.81,52,6/1/2014
New York,347.79,6693,266.21,7062,205.69,539,6/1/2014
North Carolina,350.83,3394,245.19,2398,152.35,263,6/1/2014
North Dakota,400.69,177,362.38,252,348.9,19,6/1/2014
Ohio,335.89,3598,216.4,3492,162.89,467,6/1/2014
Oklahoma,366.05,893,233.9,847,118.71,160,6/1/2014
Oregon,209.54,1858,185.17,1606,163.84,77,6/1/2014
Maryland,372.43,2363,250.54,1941,187.17,174,6/1/2014
Massachusetts,350.74,3396,293.25,2992,218.76,248,6/1/2014
Michigan,294.71,3489,277.32,3042,273.42,257,6/1/2014
Minnesota,366.38,2029,277.99,1951,181.83,109,6/1/2014
Mississippi,337.81,511,145.68,445,146.82,123,6/1/2014
Missouri,363.4,1876,244.16,1652,143.53,260,6/1/2014
Pennsylvania,367.26,4614,266.94,3992,193.82,434,6/1/2014
Rhode Island,328.47,612,256.61,430,203.71,38,6/1/2014
South Carolina,343.88,1391,201.45,1119,189.58,142,6/1/2014
South Dakota,383.04,185,351.01,208,123.94,22,6/1/2014
Tennessee,354.51,1878,225.25,1525,187.46,176,6/1/2014
Texas,338.36,7072,233.42,7004,142.93,1012,6/1/2014
Utah,289.27,807,239.14,853,208.27,55,6/1/2014
Vermont,376.94,316,321.2,283,190.36,26,6/1/2014
Virginia,369.45,2924,288.04,2454,222.77,243,6/1/2014
Washington,232.6,2740,190.09,2834,141.84,129,6/1/2014
West Virginia,355.22,462,215.59,442,155.8,49,6/1/2014
Wisconsin,354.59,1897,271.81,1715,237.56,145,6/1/2014
Wyoming,350.72,108,359.79,158,161.3,11,6/1/2014
Alabama,337.29,1888,206.14,1806,NA,218,6/1/2015
Alaska,292.84,405,265,574,NA,41,6/1/2015
Arizona,296.71,2991,208.3,2869,NA,344,6/1/2015
Arkansas,333.9,990,211.88,992,NA,171,6/1/2015
California,241.92,18468,187.87,22012,NA,1231,6/1/2015
Colorado,241.11,3597,194.85,3425,NA,215,6/1/2015
Connecticut,332.33,2112,264.79,2512,NA,146,6/1/2015
Delaware,353.64,566,241.95,506,NA,47,6/1/2015
District of Columbia,345.21,762,282.1,726,NA,54,6/1/2015
Florida,297.04,10801,215.84,9696,NA,782,6/1/2015
Georgia,317.05,5219,216.5,4201,NA,346,6/1/2015
Hawaii,302.25,536,259.2,619,NA,32,6/1/2015
Idaho,273.11,508,241.6,797,NA,42,6/1/2015
Illinois,348.86,6377,279.44,6519,NA,508,6/1/2015
Indiana,328.38,2753,218,2643,NA,362,6/1/2015
Iowa,362.09,1098,287.43,1223,NA,135,6/1/2015
Kansas,345.95,1296,260.93,1201,NA,154,6/1/2015
Kentucky,341.26,1704,184.61,1771,NA,201,6/1/2015
Louisiana,357.81,1859,240.69,1672,NA,369,6/1/2015
Maine,304.65,700,232.77,771,NA,73,6/1/2015
Montana,264.58,786,238.3,446,NA,36,6/1/2015
Nebraska,330.49,787,239.47,857,NA,78,6/1/2015
Nevada,266.04,1432,224.01,1651,NA,89,6/1/2015
New Hampshire,349.89,663,285.17,757,NA,58,6/1/2015
New Jersey,342.36,3442,283.22,4935,NA,287,6/1/2015
New Mexico,282.77,904,217.46,775,NA,73,6/1/2015
New York,338.3,8883,261.05,10156,NA,682,6/1/2015
North Carolina,341.87,4751,244.13,3620,NA,357,6/1/2015
North Dakota,383.8,250,338.38,401,NA,27,6/1/2015
Ohio,331.04,4888,219.17,5082,NA,619,6/1/2015
Oklahoma,348.64,1296,241.46,1279,NA,215,6/1/2015
Oregon,202.13,2531,178.16,2402,NA,113,6/1/2015
Maryland,359.38,3265,265.31,2940,NA,214,6/1/2015
Massachusetts,339.49,4490,280.34,4455,NA,324,6/1/2015
Michigan,282.48,4483,263.16,4312,NA,329,6/1/2015
Minnesota,339.88,2694,269.68,2989,NA,149,6/1/2015
Mississippi,331.4,795,157.17,746,NA,176,6/1/2015
Missouri,347.46,2548,248,2493,NA,334,6/1/2015
Pennsylvania,358.23,6194,268.27,5906,NA,561,6/1/2015
Rhode Island,313.23,804,248.78,681,NA,47,6/1/2015
South Carolina,333.84,1998,208.69,1689,NA,187,6/1/2015
South Dakota,358.78,253,340.17,302,NA,29,6/1/2015
Tennessee,345.24,2593,227,2297,NA,260,6/1/2015
Texas,326.08,9572,232.33,10250,NA,1286,6/1/2015
Utah,284.97,1077,232.95,1230,NA,71,6/1/2015
Vermont,364.83,408,304.7,434,NA,32,6/1/2015
Virginia,361.62,4013,289.87,3629,NA,320,6/1/2015
Washington,231.55,3777,187.19,4141,NA,183,6/1/2015
West Virginia,357.52,638,224.12,649,NA,64,6/1/2015
Wisconsin,344.94,2551,272.03,2686,NA,183,6/1/2015
Wyoming,312.84,147,317.38,226,NA,13,6/1/2015
Alabama,340.84,1337,203.63,1196,147.57,154,7/1/2014
Alaska,288.79,316,261.18,386,407.31,32,7/1/2014
Arizona,300.58,2321,209.17,2054,185.64,275,7/1/2014
Arkansas,349.29,727,183.49,692,126.2,134,7/1/2014
California,245.39,14539,191.94,16092,188.57,949,7/1/2014
Colorado,238.09,2734,196.5,2320,230.11,160,7/1/2014
Connecticut,343.38,1542,271.55,1672,254.19,104,7/1/2014
Delaware,367.66,426,227.21,354,204.86,39,7/1/2014
District of Columbia,345.75,550,290.12,461,209.83,47,7/1/2014
Florida,302.48,8192,217.74,6801,152.01,617,7/1/2014
Georgia,326.91,3846,215.62,2896,146.73,272,7/1/2014
Hawaii,312.12,391,274.99,446,165.55,28,7/1/2014
Idaho,276.83,380,251.49,563,136.89,28,7/1/2014
Illinois,355.82,4870,283.47,4537,190.65,402,7/1/2014
Indiana,333.04,2061,210.28,1877,155.98,288,7/1/2014
Iowa,366.98,840,289.42,841,246.4,111,7/1/2014
Kansas,350.11,1005,260.7,822,122.62,127,7/1/2014
Kentucky,338.06,1269,173.35,1256,123.41,161,7/1/2014
Louisiana,366.92,1325,245.24,1125,143.37,280,7/1/2014
Maine,317.46,536,246.17,551,272.95,59,7/1/2014
Montana,267.42,667,251.01,319,609.45,28,7/1/2014
Nebraska,343.3,615,250.53,611,133.37,73,7/1/2014
Nevada,267.86,1075,229.05,1191,234.33,73,7/1/2014
New Hampshire,358.5,516,290.02,554,643,44,7/1/2014
New Jersey,349.84,2656,288.34,3495,223.83,225,7/1/2014
New Mexico,290.39,673,201.78,547,96.93,56,7/1/2014
New York,347.02,6837,265.83,7292,209.44,554,7/1/2014
North Carolina,350.21,3487,244.96,2484,149.37,272,7/1/2014
North Dakota,398.95,179,363.1,261,335.8,20,7/1/2014
Ohio,335.43,3687,216.9,3618,162.27,480,7/1/2014
Oklahoma,365.32,917,232.09,890,118.22,163,7/1/2014
Oregon,208.85,1900,184.86,1641,175.53,80,7/1/2014
Maryland,371.44,2440,250.8,2002,187.53,178,7/1/2014
Massachusetts,350.57,3500,292.92,3101,223.24,253,7/1/2014
Michigan,293.08,3569,276.51,3164,270.6,262,7/1/2014
Minnesota,358.83,2073,278.2,2014,181.2,110,7/1/2014
Mississippi,335.64,526,145.88,453,148.49,124,7/1/2014
Missouri,356.92,1924,244.08,1732,146.19,265,7/1/2014
Pennsylvania,366.82,4754,266.84,4128,192.02,440,7/1/2014
Rhode Island,324.61,625,256.1,446,199.96,39,7/1/2014
South Carolina,343.23,1426,202.04,1156,188.56,145,7/1/2014
South Dakota,378.21,189,351.27,216,123.94,22,7/1/2014
Tennessee,353.29,1934,224.92,1587,186.57,185,7/1/2014
Texas,337.88,7242,232.73,7228,144.18,1033,7/1/2014
Utah,289.31,825,238.86,889,204.58,56,7/1/2014
Vermont,375.8,322,319.57,291,190.36,26,7/1/2014
Virginia,368.76,3005,291.44,2539,222.18,247,7/1/2014
Washington,232.05,2840,189.94,2909,138.47,136,7/1/2014
West Virginia,354.4,471,215.1,459,155.8,49,7/1/2014
Wisconsin,353.39,1935,271.85,1776,237.56,145,7/1/2014
Wyoming,351.78,110,360.09,159,161.3,12,7/1/2014
Alabama,340.63,1381,203.54,1239,145.79,160,8/1/2014
Alaska,288.34,324,260.56,399,403.33,33,8/1/2014
Arizona,300.71,2384,209.04,2112,185.64,279,8/1/2014
Arkansas,348.99,741,181.6,715,126.2,134,8/1/2014
California,245.36,14948,191.58,16665,188.03,976,8/1/2014
Colorado,238.05,2799,196.73,2410,227.49,167,8/1/2014
Connecticut,341.77,1603,272.99,1733,254.44,105,8/1/2014
Delaware,367.27,441,229.23,375,204.86,39,8/1/2014
District of Columbia,346.37,567,287.5,485,209.83,47,8/1/2014
Florida,301.71,8404,217.68,7056,151.86,632,8/1/2014
Georgia,326.73,3944,216.59,2986,145.62,278,8/1/2014
Hawaii,309.87,409,265.58,456,174.23,29,8/1/2014
Idaho,276.41,391,249.07,580,165.19,31,8/1/2014
Illinois,355.78,5004,283.21,4725,194,408,8/1/2014
Indiana,333.19,2118,211.1,1943,154.32,295,8/1/2014
Iowa,367.18,865,290.62,879,249.3,112,8/1/2014
Kansas,351.17,1041,262.43,859,121.73,130,8/1/2014
Kentucky,338.53,1306,182.44,1301,123.13,165,8/1/2014
Louisiana,366.72,1363,244.27,1175,144.49,287,8/1/2014
Maine,317.67,551,246.02,564,272.95,59,8/1/2014
Montana,266.9,680,242.91,330,588.04,29,8/1/2014
Nebraska,341.38,631,250.49,625,133.37,73,8/1/2014
Nevada,269.23,1105,229.52,1236,235.3,75,8/1/2014
New Hampshire,358.27,528,290.65,577,617.09,46,8/1/2014
New Jersey,349.49,2742,288.25,3620,226.25,235,8/1/2014
New Mexico,289.74,696,201.4,566,94.88,58,8/1/2014
New York,347.23,7041,265.5,7573,208.24,563,8/1/2014
North Carolina,349.71,3594,245.04,2586,149.12,278,8/1/2014
North Dakota,405.04,185,364.95,270,336.51,21,8/1/2014
Ohio,334.88,3796,217.48,3735,165.61,499,8/1/2014
Oklahoma,363.94,944,233.22,920,121.66,169,8/1/2014
Oregon,208.9,1968,183.83,1713,175.2,81,8/1/2014
Maryland,370.48,2520,252.06,2101,187.53,178,8/1/2014
Massachusetts,350.48,3616,289.2,3215,221.53,265,8/1/2014
Michigan,291.98,3642,275.53,3260,266.25,270,8/1/2014
Minnesota,357.83,2120,276.29,2104,184.7,114,8/1/2014
Mississippi,335.65,534,145.64,467,146.12,128,8/1/2014
Missouri,357.47,1977,245.39,1802,145.81,271,8/1/2014
Pennsylvania,366.07,4896,267.35,4264,193.19,458,8/1/2014
Rhode Island,322.31,642,257.96,462,199.96,40,8/1/2014
South Carolina,342.14,1479,201.6,1211,186.16,148,8/1/2014
South Dakota,377.37,194,351.5,223,123.94,22,8/1/2014
Tennessee,353.14,1986,225.61,1633,184.16,191,8/1/2014
Texas,337.48,7440,233.23,7484,144.12,1052,8/1/2014
Utah,287.32,859,238.33,911,207.35,57,8/1/2014
Vermont,375.27,328,317.09,307,190.36,27,8/1/2014
Virginia,367.63,3081,291.99,2621,224.07,255,8/1/2014
Washington,232.89,2976,190.1,3087,138.02,138,8/1/2014
West Virginia,354.37,488,214.93,469,145.37,55,8/1/2014
Wisconsin,353.19,1990,271.83,1857,250.79,147,8/1/2014
Wyoming,349.69,116,349.9,166,161.3,12,8/1/2014
Alabama,340.88,1404,205.01,1278,NA,161,9/1/2014
Alaska,291.32,330,261.71,414,NA,33,9/1/2014
Arizona,300.33,2425,209.22,2155,NA,284,9/1/2014
Arkansas,346.86,764,179.89,732,NA,135,9/1/2014
California,245.11,15238,191.35,17060,NA,995,9/1/2014
Colorado,238.51,2861,197.02,2482,NA,168,9/1/2014
Connecticut,341.04,1642,271.62,1774,NA,108,9/1/2014
Delaware,365.67,451,229.55,382,NA,39,9/1/2014
District of Columbia,348.73,584,288.14,501,NA,47,9/1/2014
Florida,302.59,8567,217.65,7264,NA,642,9/1/2014
Georgia,326.91,4045,216.83,3084,NA,283,9/1/2014
Hawaii,310,417,267.11,468,NA,29,9/1/2014
Idaho,277.06,396,248.83,592,NA,32,9/1/2014
Illinois,355.94,5134,283.33,4872,NA,412,9/1/2014
Indiana,332.77,2171,211.55,1996,NA,304,9/1/2014
Iowa,365.66,882,289.14,906,NA,112,9/1/2014
Kansas,351.23,1068,261.64,886,NA,130,9/1/2014
Kentucky,337.94,1342,183.4,1332,NA,167,9/1/2014
Louisiana,366.52,1392,244.78,1210,NA,293,9/1/2014
Maine,315.05,566,254.75,583,NA,59,9/1/2014
Montana,266.73,688,251.1,339,NA,30,9/1/2014
Nebraska,339.96,645,250.78,645,NA,73,9/1/2014
Nevada,268.13,1128,229.09,1269,NA,76,9/1/2014
New Hampshire,356.7,540,291.41,589,NA,46,9/1/2014
New Jersey,348.6,2801,287.79,3727,NA,239,9/1/2014
New Mexico,289.22,714,201.74,578,NA,58,9/1/2014
New York,346.09,7196,265.27,7774,NA,576,9/1/2014
North Carolina,349.06,3673,245.83,2673,NA,285,9/1/2014
North Dakota,405.46,186,349.7,276,NA,21,9/1/2014
Ohio,334.53,3869,217.57,3832,NA,503,9/1/2014
Oklahoma,363.3,967,232.61,943,NA,175,9/1/2014
Oregon,208.35,2007,182.99,1768,NA,85,9/1/2014
Maryland,370.61,2582,252.39,2163,NA,182,9/1/2014
Massachusetts,350.12,3697,288.52,3330,NA,271,9/1/2014
Michigan,291,3719,274.16,3343,NA,275,9/1/2014
Minnesota,354.93,2170,276.23,2161,NA,115,9/1/2014
Mississippi,337.64,549,146.47,482,NA,131,9/1/2014
Missouri,358.12,2018,245.94,1852,NA,274,9/1/2014
Pennsylvania,365.94,5023,267.88,4390,NA,469,9/1/2014
Rhode Island,321.07,659,258.25,477,NA,42,9/1/2014
South Carolina,341.84,1516,202.64,1243,NA,152,9/1/2014
South Dakota,377.57,201,348.33,228,NA,22,9/1/2014
Tennessee,352.46,2030,225.76,1673,NA,198,9/1/2014
Texas,336.88,7560,232.31,7661,NA,1068,9/1/2014
Utah,287.43,873,238.45,935,NA,58,9/1/2014
Vermont,374.86,333,316.84,321,NA,29,9/1/2014
Virginia,366.74,3165,291.67,2726,NA,257,9/1/2014
Washington,232.69,3032,189.74,3169,NA,144,9/1/2014
West Virginia,354.64,498,215.8,487,NA,55,9/1/2014
Wisconsin,352.89,2034,271.63,1930,NA,151,9/1/2014
Wyoming,330.41,117,356.25,170,NA,12,9/1/2014
Alabama,339.81,1425,204.78,1308,NA,162,10/1/2014
Alaska,291.41,331,262.29,423,NA,34,10/1/2014
Arizona,300.11,2448,210.22,2195,NA,290,10/1/2014
Arkansas,345.81,779,179.96,748,NA,136,10/1/2014
California,245.05,15419,190.91,17373,NA,1001,10/1/2014
Colorado,238.05,2900,196.85,2525,NA,168,10/1/2014
Connecticut,340.75,1672,270.58,1826,NA,112,10/1/2014
Delaware,365.92,458,231.45,394,NA,39,10/1/2014
District of Columbia,350.27,602,288.91,514,NA,48,10/1/2014
Florida,301.9,8728,217.89,7436,NA,651,10/1/2014
Georgia,326.54,4107,217.25,3134,NA,287,10/1/2014
Hawaii,310.34,421,268.95,473,NA,29,10/1/2014
Idaho,275.96,403,247.87,608,NA,33,10/1/2014
Illinois,356.47,5220,282.85,5001,NA,420,10/1/2014
Indiana,332.78,2209,213.2,2041,NA,308,10/1/2014
Iowa,365.96,898,288.88,922,NA,114,10/1/2014
Kansas,350.64,1083,262.69,904,NA,130,10/1/2014
Kentucky,338.57,1368,174.24,1358,NA,170,10/1/2014
Louisiana,365.88,1415,243.77,1230,NA,297,10/1/2014
Maine,314.94,570,244.72,595,NA,59,10/1/2014
Montana,266.44,696,250.28,344,NA,30,10/1/2014
Nebraska,338.86,653,249.9,662,NA,74,10/1/2014
Nevada,268.3,1142,229.63,1295,NA,76,10/1/2014
New Hampshire,356.53,549,290.56,599,NA,47,10/1/2014
New Jersey,348.37,2843,287.59,3802,NA,239,10/1/2014
New Mexico,288.43,730,202.56,595,NA,59,10/1/2014
New York,346.67,7304,264.84,7924,NA,583,10/1/2014
North Carolina,347.77,3750,245.33,2726,NA,288,10/1/2014
North Dakota,393.75,194,347.23,284,NA,21,10/1/2014
Ohio,334.33,3932,217.87,3900,NA,514,10/1/2014
Oklahoma,364.74,994,234.18,965,NA,177,10/1/2014
Oregon,208.09,2033,182.46,1805,NA,85,10/1/2014
Maryland,369.67,2615,253.34,2215,NA,185,10/1/2014
Massachusetts,349.55,3748,288.54,3414,NA,272,10/1/2014
Michigan,290.59,3767,273.57,3391,NA,277,10/1/2014
Minnesota,354.46,2185,275.41,2207,NA,118,10/1/2014
Mississippi,337.31,558,145.37,491,NA,133,10/1/2014
Missouri,357.9,2052,245.73,1905,NA,276,10/1/2014
Pennsylvania,365.25,5097,267.69,4469,NA,475,10/1/2014
Rhode Island,320.23,667,258.99,484,NA,43,10/1/2014
South Carolina,341.27,1540,203.57,1263,NA,155,10/1/2014
South Dakota,377.14,204,348.54,232,NA,24,10/1/2014
Tennessee,352.12,2059,227.13,1704,NA,201,10/1/2014
Texas,336.65,7656,232.64,7778,NA,1085,10/1/2014
Utah,287.58,887,238.43,956,NA,58,10/1/2014
Vermont,374.25,335,315.25,330,NA,29,10/1/2014
Virginia,366.49,3216,291.53,2781,NA,262,10/1/2014
Washington,233.15,3075,189.46,3233,NA,145,10/1/2014
West Virginia,355.46,504,215.99,493,NA,57,10/1/2014
Wisconsin,352.36,2070,272.76,1976,NA,152,10/1/2014
Wyoming,328.51,119,354.94,171,NA,12,10/1/2014
Alabama,339.13,1453,204.81,1348,NA,172,11/1/2014
Alaska,290.61,338,262.16,435,NA,37,11/1/2014
Arizona,300.3,2495,210.48,2254,NA,295,11/1/2014
Arkansas,343.84,803,179.79,769,NA,140,11/1/2014
California,245.09,15688,191.04,17780,NA,1023,11/1/2014
Colorado,237.55,2967,196.35,2609,NA,171,11/1/2014
Connecticut,340.31,1716,270.12,1890,NA,116,11/1/2014
Delaware,363.53,470,233.87,404,NA,39,11/1/2014
District of Columbia,350.3,614,287.57,528,NA,48,11/1/2014
Florida,301.55,8890,217.83,7611,NA,660,11/1/2014
Georgia,325.87,4184,217.14,3182,NA,289,11/1/2014
Hawaii,310.95,427,267.1,482,NA,29,11/1/2014
Idaho,275.98,418,247.09,623,NA,35,11/1/2014
Illinois,355.5,5311,283,5127,NA,427,11/1/2014
Indiana,332.21,2250,213.83,2086,NA,314,11/1/2014
Iowa,365.35,922,288.57,946,NA,115,11/1/2014
Kansas,351.1,1103,261.71,928,NA,133,11/1/2014
Kentucky,339.72,1391,174.08,1392,NA,174,11/1/2014
Louisiana,365.25,1436,240.46,1257,NA,300,11/1/2014
Maine,316.08,584,243.85,610,NA,59,11/1/2014
Montana,265.91,711,241.74,351,NA,30,11/1/2014
Nebraska,340.44,667,247.87,673,NA,74,11/1/2014
Nevada,267.11,1168,229.29,1318,NA,76,11/1/2014
New Hampshire,356.1,559,290.57,615,NA,50,11/1/2014
New Jersey,348.05,2901,287.85,3892,NA,243,11/1/2014
New Mexico,288.33,743,213.43,610,NA,61,11/1/2014
New York,345.89,7428,264.79,8109,NA,592,11/1/2014
North Carolina,347.39,3826,245.61,2804,NA,296,11/1/2014
North Dakota,393.66,198,342.39,302,NA,22,11/1/2014
Ohio,334.02,4005,217.59,3991,NA,520,11/1/2014
Oklahoma,363.17,1020,234.59,991,NA,182,11/1/2014
Oregon,207.73,2071,181.72,1848,NA,86,11/1/2014
Maryland,368.67,2685,256.02,2274,NA,188,11/1/2014
Massachusetts,348.9,3810,287.7,3497,NA,276,11/1/2014
Michigan,290.47,3829,271.97,3473,NA,284,11/1/2014
Minnesota,353.74,2243,274.77,2285,NA,119,11/1/2014
Mississippi,336.81,574,146.74,507,NA,135,11/1/2014
Missouri,352.99,2097,245.84,1960,NA,283,11/1/2014
Pennsylvania,364.24,5231,268.88,4588,NA,482,11/1/2014
Rhode Island,319.09,677,260.27,506,NA,46,11/1/2014
South Carolina,340.62,1579,203.18,1294,NA,157,11/1/2014
South Dakota,377.08,208,348.54,233,NA,25,11/1/2014
Tennessee,351.34,2102,226.51,1761,NA,204,11/1/2014
Texas,336.8,7779,233.07,7944,NA,1098,11/1/2014
Utah,287.61,897,238.26,980,NA,58,11/1/2014
Vermont,372.48,339,311.57,342,NA,30,11/1/2014
Virginia,367.03,3285,292.99,2857,NA,265,11/1/2014
Washington,233.4,3151,189.56,3312,NA,146,11/1/2014
West Virginia,355.32,516,218.72,504,NA,58,11/1/2014
Wisconsin,351.82,2116,272.71,2034,NA,156,11/1/2014
Wyoming,329.04,121,353.86,178,NA,12,11/1/2014
Alabama,339.34,1491,205.59,1399,NA,178,12/1/2014
Alaska,290.27,345,269.08,455,NA,37,12/1/2014
Arizona,299.9,2570,210.42,2332,NA,299,12/1/2014
Arkansas,343.73,825,206.14,805,NA,141,12/1/2014
California,244.36,16127,190.25,18472,NA,1061,12/1/2014
Colorado,243.99,3055,195.71,2743,NA,175,12/1/2014
Connecticut,339.13,1782,268.79,1982,NA,120,12/1/2014
Delaware,363.93,476,235.73,417,NA,40,12/1/2014
District of Columbia,348.6,641,280.94,561,NA,49,12/1/2014
Florida,301.07,9138,217.52,7894,NA,676,12/1/2014
Georgia,324.83,4291,217.38,3327,NA,302,12/1/2014
Hawaii,309.87,438,267.03,495,NA,29,12/1/2014
Idaho,275.07,433,245.8,652,NA,35,12/1/2014
Illinois,354.85,5461,283.11,5339,NA,436,12/1/2014
Indiana,332.84,2325,213.86,2166,NA,319,12/1/2014
Iowa,365.25,949,289.61,1001,NA,118,12/1/2014
Kansas,350.15,1127,262.03,959,NA,135,12/1/2014
Kentucky,338.51,1448,173.79,1453,NA,176,12/1/2014
Louisiana,363.45,1475,240.76,1310,NA,309,12/1/2014
Maine,315.06,599,236.01,641,NA,60,12/1/2014
Montana,265.8,722,241.84,362,NA,32,12/1/2014
Nebraska,337.81,682,246.76,700,NA,75,12/1/2014
Nevada,266.5,1200,227.16,1376,NA,78,12/1/2014
New Hampshire,355.28,578,295.13,637,NA,51,12/1/2014
New Jersey,346.13,2984,287.03,4050,NA,251,12/1/2014
New Mexico,288.36,773,215.74,641,NA,64,12/1/2014
New York,345.1,7638,264.3,8429,NA,609,12/1/2014
North Carolina,346.31,3971,245.16,2920,NA,308,12/1/2014
North Dakota,397.09,204,345.27,311,NA,23,12/1/2014
Ohio,333.29,4124,218.62,4132,NA,534,12/1/2014
Oklahoma,356.98,1065,234.63,1030,NA,189,12/1/2014
Oregon,206.72,2130,181.06,1954,NA,91,12/1/2014
Maryland,367.05,2780,255.12,2372,NA,191,12/1/2014
Massachusetts,347.45,3909,286.97,3658,NA,281,12/1/2014
Michigan,289.31,3910,270.42,3616,NA,289,12/1/2014
Minnesota,352.63,2298,274.4,2377,NA,122,12/1/2014
Mississippi,337.43,586,148.22,525,NA,140,12/1/2014
Missouri,352.05,2160,245.5,2040,NA,291,12/1/2014
Pennsylvania,363.5,5372,268.98,4787,NA,494,12/1/2014
Rhode Island,317.87,706,260.09,537,NA,46,12/1/2014
South Carolina,338.67,1632,204.86,1359,NA,161,12/1/2014
South Dakota,356.93,217,348.91,247,NA,25,12/1/2014
Tennessee,349.68,2172,225.48,1836,NA,212,12/1/2014
Texas,335.4,8009,233,8252,NA,1127,12/1/2014
Utah,290.77,936,237.32,1010,NA,60,12/1/2014
Vermont,371.8,351,309.92,354,NA,32,12/1/2014
Virginia,365.81,3394,292.4,2973,NA,279,12/1/2014
Washington,233.76,3253,189.29,3453,NA,154,12/1/2014
West Virginia,358.42,535,220.62,522,NA,59,12/1/2014
Wisconsin,350.75,2177,273.97,2115,NA,162,12/1/2014
Wyoming,326.89,125,354.2,184,NA,12,12/1/2014
Alabama,339.2,1043,198.64,933,149.49,123,1/2/2014
Alaska,289.67,254,261.3,299,388.58,26,1/2/2014
Arizona,303.36,1943,209.38,1627,189.45,222,1/2/2014
Arkansas,361.85,576,185.62,544,125.4,113,1/2/2014
California,248.67,12125,193.56,12836,192.8,779,1/2/2014
Colorado,236.2,2165,196.73,1751,213.5,128,1/2/2014
Connecticut,347.84,1296,274.24,1318,257.36,91,1/2/2014
Delaware,373.18,347,226.25,273,199.88,34,1/2/2014
District of Columbia,352.02,434,295.67,349,213.72,39,1/2/2014
Florida,306.35,6518,219.97,5241,158.19,515,1/2/2014
Georgia,332.23,3106,213.49,2275,153.45,229,1/2/2014
Hawaii,310.96,328,270.38,350,160.46,25,1/2/2014
Idaho,276.05,315,254.96,445,132.61,20,1/2/2014
Illinois,359.68,4014,287.25,3648,180.57,331,1/2/2014
Indiana,336.79,1668,206.7,1450,153.85,249,1/2/2014
Iowa,372.38,699,292.42,650,252.24,103,1/2/2014
Kansas,353.66,839,260.6,631,124.27,109,1/2/2014
Kentucky,337.57,1015,182.99,987,120.31,132,1/2/2014
Louisiana,377.69,1074,243.48,867,153.73,224,1/2/2014
Maine,321.1,450,259.18,425,214.8,52,1/2/2014
Montana,279.73,585,257.98,258,734.65,22,1/2/2014
Nebraska,352.64,508,247.03,510,142.99,62,1/2/2014
Nevada,269.63,901,218.54,929,231.08,61,1/2/2014
New Hampshire,366.34,423,289.81,441,561.05,38,1/2/2014
New Jersey,354.8,2246,294.35,2803,225.62,185,1/2/2014
New Mexico,293.86,565,216.55,434,63.7,42,1/2/2014
New York,351.97,5810,268.88,5834,190.49,483,1/2/2014
North Carolina,355.68,2778,247.07,1914,152.09,226,1/2/2014
North Dakota,412.84,137,361.95,200,269.55,13,1/2/2014
Ohio,336.59,3054,212.58,2822,168.87,399,1/2/2014
Oklahoma,364.62,755,228.41,668,121.6,131,1/2/2014
Oregon,213.39,1615,188.55,1336,175.87,61,1/2/2014
Maryland,380.56,1967,248.63,1549,196.59,152,1/2/2014
Massachusetts,354.58,2886,297.17,2472,217.89,219,1/2/2014
Michigan,299.34,3055,277.63,2529,227.48,230,1/2/2014
Minnesota,371.19,1717,280.6,1535,183.29,101,1/2/2014
Mississippi,340.71,412,150.02,350,137.29,95,1/2/2014
Missouri,371.57,1559,241.53,1288,153.48,204,1/2/2014
Pennsylvania,372.64,3831,266.51,3213,194.12,364,1/2/2014
Rhode Island,335.12,530,262.07,360,207.93,33,1/2/2014
South Carolina,349.03,1155,202.12,904,176.93,119,1/2/2014
South Dakota,387.8,161,362.7,167,125.68,20,1/2/2014
Tennessee,359.75,1546,223.8,1222,199.5,148,1/2/2014
Texas,343.35,6002,235.68,5642,141.73,852,1/2/2014
Utah,291.7,687,232.77,667,169.84,42,1/2/2014
Vermont,379.88,277,323.31,225,187.06,24,1/2/2014
Virginia,373.62,2478,288.27,1962,223.02,202,1/2/2014
Washington,236.13,2354,191.96,2349,148.33,108,1/2/2014
West Virginia,359.8,351,197.23,368,158.25,40,1/2/2014
Wisconsin,358.19,1627,268.43,1371,231.04,126,1/2/2014
Wyoming,355.9,93,378.95,134,161.3,11,1/2/2014
Alabama,337.38,1540,208.24,1463,NA,182,1/2/2015
Alaska,303.02,350,270.4,476,NA,37,1/2/2015
Arizona,298.52,2639,209.56,2430,NA,306,1/2/2015
Arkansas,341.68,846,207.02,837,NA,145,1/2/2015
California,243.95,16517,189.34,19160,NA,1096,1/2/2015
Colorado,243.68,3152,195.25,2880,NA,179,1/2/2015
Connecticut,337.11,1837,268.04,2071,NA,126,1/2/2015
Delaware,364.18,491,234.72,431,NA,42,1/2/2015
District of Columbia,348.56,658,282.04,581,NA,49,1/2/2015
Florida,300.94,9375,216.96,8175,NA,697,1/2/2015
Georgia,324.34,4427,217.33,3473,NA,303,1/2/2015
Hawaii,307.85,453,263.45,522,NA,30,1/2/2015
Idaho,275.37,451,245.57,675,NA,35,1/2/2015
Illinois,353.84,5630,282.56,5527,NA,451,1/2/2015
Indiana,332.49,2387,214.53,2253,NA,326,1/2/2015
Iowa,364.92,975,289.39,1048,NA,122,1/2/2015
Kansas,350.15,1161,260.53,1002,NA,138,1/2/2015
Kentucky,338.76,1491,173.9,1506,NA,180,1/2/2015
Louisiana,361.44,1522,240.9,1351,NA,318,1/2/2015
Maine,312.3,620,235.03,658,NA,61,1/2/2015
Montana,265.51,738,240.94,365,NA,32,1/2/2015
Nebraska,335.65,695,246.43,724,NA,76,1/2/2015
Nevada,266.03,1239,226.56,1433,NA,78,1/2/2015
New Hampshire,353.87,599,289.07,658,NA,51,1/2/2015
New Jersey,345.37,3059,286.47,4199,NA,256,1/2/2015
New Mexico,288.96,801,219.28,665,NA,68,1/2/2015
New York,343.77,7846,263.62,8727,NA,617,1/2/2015
North Carolina,345.24,4115,245.78,3035,NA,315,1/2/2015
North Dakota,393.94,213,339.6,327,NA,23,1/2/2015
Ohio,332.58,4245,218.82,4275,NA,550,1/2/2015
Oklahoma,354.09,1117,238.15,1073,NA,196,1/2/2015
Oregon,205.84,2182,180.92,2021,NA,95,1/2/2015
Maryland,365.94,2865,256.02,2465,NA,193,1/2/2015
Massachusetts,345.55,4006,285.76,3787,NA,289,1/2/2015
Michigan,288.02,3994,270.75,3730,NA,295,1/2/2015
Minnesota,351.61,2366,272.73,2470,NA,128,1/2/2015
Mississippi,335.1,614,150.94,551,NA,143,1/2/2015
Missouri,351.55,2220,245.24,2117,NA,299,1/2/2015
Pennsylvania,362.93,5529,269.38,4990,NA,504,1/2/2015
Rhode Island,317.16,722,258.77,561,NA,47,1/2/2015
South Carolina,337.04,1685,205.48,1417,NA,164,1/2/2015
South Dakota,357.05,222,348.81,256,NA,25,1/2/2015
Tennessee,348.78,2245,225.38,1912,NA,219,1/2/2015
Texas,334.26,8250,233.52,8598,NA,1149,1/2/2015
Utah,290.45,960,237.65,1057,NA,62,1/2/2015
Vermont,371.17,358,308.86,367,NA,32,1/2/2015
Virginia,364.92,3518,292.89,3087,NA,286,1/2/2015
Washington,233.01,3341,189.88,3567,NA,160,1/2/2015
West Virginia,359.63,552,224.17,546,NA,60,1/2/2015
Wisconsin,350.55,2247,272.61,2223,NA,167,1/2/2015
Wyoming,320.39,133,351.86,197,NA,12,1/2/2015
Alabama,338.87,1097,199.89,985,152.02,129,2/2/2014
Alaska,288.81,265,254.5,313,388.58,26,2/2/2014
Arizona,303.22,2021,210.07,1708,195.32,229,2/2/2014
Arkansas,359.41,604,183.04,575,128.27,120,2/2/2014
California,248.21,12580,192.73,13424,191.7,805,2/2/2014
Colorado,237.55,2310,198.28,1903,223.47,138,2/2/2014
Connecticut,346.72,1347,273.9,1388,252.31,95,2/2/2014
Delaware,373.46,365,227.38,285,199.88,34,2/2/2014
District of Columbia,349.64,463,292.22,371,211.38,40,2/2/2014
Florida,305.88,6836,219.88,5527,156.94,532,2/2/2014
Georgia,332.15,3240,214.26,2377,154.46,234,2/2/2014
Hawaii,307.76,338,272.99,370,162.11,26,2/2/2014
Idaho,275.3,327,257.48,465,133.75,22,2/2/2014
Illinois,356.79,4198,287.78,3819,176.79,355,2/2/2014
Indiana,335.32,1750,208.52,1530,161.44,255,2/2/2014
Iowa,369.77,725,292.45,684,251.78,105,2/2/2014
Kansas,354.83,863,261.31,669,113.7,111,2/2/2014
Kentucky,338.85,1060,181.5,1031,125.11,138,2/2/2014
Louisiana,374.2,1137,242.81,911,149.56,239,2/2/2014
Maine,319.11,471,259.84,453,214.8,52,2/2/2014
Montana,271.16,601,251.43,272,734.65,22,2/2/2014
Nebraska,349.72,535,248.44,531,142.51,63,2/2/2014
Nevada,270.12,938,219.36,972,252.49,63,2/2/2014
New Hampshire,376.83,450,285.94,473,550.95,40,2/2/2014
New Jersey,354.59,2323,292.62,2937,230.04,199,2/2/2014
New Mexico,293.37,588,205.27,452,63.7,42,2/2/2014
New York,352.32,6056,268.58,6118,189.86,498,2/2/2014
North Carolina,355.34,2925,247.3,2004,150.81,237,2/2/2014
North Dakota,408.37,144,335.38,216,331.9,15,2/2/2014
Ohio,336.44,3189,213.69,2969,167.26,414,2/2/2014
Oklahoma,364.74,793,228.53,715,120.16,136,2/2/2014
Oregon,212.27,1680,188.96,1384,174.52,65,2/2/2014
Maryland,379.93,2066,250.02,1644,194.99,154,2/2/2014
Massachusetts,352.89,3000,296.81,2585,220.8,226,2/2/2014
Michigan,298.14,3163,276.44,2651,228.04,233,2/2/2014
Minnesota,370.06,1788,278.02,1631,181.28,103,2/2/2014
Mississippi,339.26,431,149.1,370,143.99,105,2/2/2014
Missouri,367.41,1637,242.1,1357,149.58,214,2/2/2014
Pennsylvania,371.3,4027,266.44,3400,193.02,384,2/2/2014
Rhode Island,333.49,549,261.15,377,201.75,34,2/2/2014
South Carolina,346.09,1211,202.25,952,173.87,126,2/2/2014
South Dakota,389.9,170,368.94,176,125.68,20,2/2/2014
Tennessee,358.06,1632,225.32,1302,195.96,158,2/2/2014
Texas,342.12,6255,236.04,5994,142.88,888,2/2/2014
Utah,293.06,712,233.24,720,187.95,45,2/2/2014
Vermont,377.22,289,321.36,242,187.64,25,2/2/2014
Virginia,373.62,2588,287.97,2082,227.34,219,2/2/2014
Washington,235.42,2435,191.21,2466,153.14,114,2/2/2014
West Virginia,364.28,379,197.45,390,158.3,41,2/2/2014
Wisconsin,357.72,1699,270.33,1455,233.39,133,2/2/2014
Wyoming,354.03,94,378.82,138,161.3,11,2/2/2014
Alabama,335.86,1584,209.19,1525,NA,193,2/2/2015
Alaska,302.89,358,271.01,492,NA,37,2/2/2015
Arizona,297,2732,208.13,2531,NA,313,2/2/2015
Arkansas,341.79,876,208.99,870,NA,146,2/2/2015
California,243.29,16916,188.94,19780,NA,1123,2/2/2015
Colorado,242.75,3238,195.94,2987,NA,188,2/2/2015
Connecticut,336.04,1871,267.11,2141,NA,131,2/2/2015
Delaware,363.88,504,234.1,449,NA,44,2/2/2015
District of Columbia,348.4,677,282.82,610,NA,49,2/2/2015
Florida,300.21,9668,216.29,8535,NA,713,2/2/2015
Georgia,322.71,4594,216.71,3622,NA,313,2/2/2015
Hawaii,306.34,464,261.94,542,NA,30,2/2/2015
Idaho,275.45,467,243.24,694,NA,36,2/2/2015
Illinois,352.45,5788,282.39,5726,NA,459,2/2/2015
Indiana,331.29,2457,216.18,2335,NA,335,2/2/2015
Iowa,364.79,996,289.33,1089,NA,123,2/2/2015
Kansas,349.13,1192,259.53,1045,NA,143,2/2/2015
Kentucky,338.29,1545,173.62,1567,NA,182,2/2/2015
Louisiana,361.2,1580,241.43,1419,NA,329,2/2/2015
Maine,304.96,633,234.77,684,NA,64,2/2/2015
Montana,265.34,748,247.53,382,NA,32,2/2/2015
Nebraska,335.4,710,243.91,759,NA,76,2/2/2015
Nevada,265.48,1275,226.41,1480,NA,79,2/2/2015
New Hampshire,353.09,612,288.14,673,NA,52,2/2/2015
New Jersey,345.06,3157,285.76,4375,NA,263,2/2/2015
New Mexico,287.96,824,219.03,686,NA,71,2/2/2015
New York,343.07,8063,262.93,9020,NA,628,2/2/2015
North Carolina,344.58,4251,245.58,3157,NA,326,2/2/2015
North Dakota,387.11,216,319.28,346,NA,26,2/2/2015
Ohio,332.48,4386,219.89,4453,NA,563,2/2/2015
Oklahoma,352.62,1163,238.4,1104,NA,200,2/2/2015
Oregon,205.32,2232,180.45,2093,NA,99,2/2/2015
Maryland,362.63,2968,267.47,2564,NA,198,2/2/2015
Massachusetts,343.96,4103,284.5,3925,NA,294,2/2/2015
Michigan,287.48,4082,268.13,3872,NA,306,2/2/2015
Minnesota,348.02,2450,273.55,2576,NA,134,2/2/2015
Mississippi,335.78,639,150.86,578,NA,150,2/2/2015
Missouri,349.57,2284,245.78,2202,NA,304,2/2/2015
Pennsylvania,362.21,5691,269.65,5169,NA,519,2/2/2015
Rhode Island,316.61,732,255.88,593,NA,47,2/2/2015
South Carolina,336.95,1752,205.28,1453,NA,165,2/2/2015
South Dakota,357.66,224,347.72,262,NA,26,2/2/2015
Tennessee,347.43,2313,226.23,2001,NA,231,2/2/2015
Texas,333.29,8488,232.3,8916,NA,1176,2/2/2015
Utah,289.15,983,236.98,1106,NA,66,2/2/2015
Vermont,369.87,368,306.19,384,NA,32,2/2/2015
Virginia,364.42,3625,291.12,3218,NA,294,2/2/2015
Washington,232.84,3431,188.72,3685,NA,162,2/2/2015
West Virginia,358.12,567,225.97,565,NA,60,2/2/2015
Wisconsin,348.79,2306,271.28,2324,NA,170,2/2/2015
Wyoming,322.28,134,350.57,202,NA,12,2/2/2015
Alabama,340.1,1142,202.96,1037,146.33,133,3/2/2014
Alaska,286.78,281,251.87,324,388.58,26,3/2/2014
Arizona,302.94,2095,209.51,1779,195.16,239,3/2/2014
Arkansas,357.73,630,182.91,593,126.75,125,3/2/2014
California,247.57,12999,193.02,13926,192.2,841,3/2/2014
Colorado,237.89,2405,197.59,1988,226.22,145,3/2/2014
Connecticut,347.04,1391,274.15,1459,252.31,95,3/2/2014
Delaware,371.64,377,228.71,296,206.61,36,3/2/2014
District of Columbia,350.61,479,294.39,390,208.53,41,3/2/2014
Florida,305.28,7152,219.89,5824,152.87,551,3/2/2014
Georgia,330.94,3373,214.04,2472,151.92,240,3/2/2014
